y	x1	x2	x3	x4	x5	x6
4.009178162908145e+06	9242.719930706391	2941.0253463598597	0.1955978891454218	67.91024093618446	3.1338298617064215e+07	0.001131837631392099
49922.67182073614	8624.91951243134	1880.8379835718904	0.11252383637125568	18.80369676238338	2.3306927975168205e+06	0.0008250731822070243
149279.71102310214	10874.39148308304	2512.5478578601555	0.13568134658145206	97.01445594466121	5.9848724188607875e+06	0.0007884967058985935
995168.0126975706	12648.960663397913	1535.0433760670205	0.1750643549113189	25.207583012010495	7.727028667470852e+07	0.0007627850896487333
158789.1008516387	11270.939026318272	2450.256459356218	0.13358959796334685	58.664700806554926	7.555161084031843e+07	0.0006648839460458284
146570.25174667445	11613.072563584989	4789.499634319664	0.13459054696932837	2.235129486145821	7.814408147687143e+07	0.000680894362072651
4.499865588867606e+06	12405.104140323616	4611.629902414834	0.19717091297542594	69.9068625556025	5.2825640525918715e+07	0.0008060783015203963
554409.7492982058	8695.318207487762	2837.963600644771	0.16620069461601616	58.5759119919713	2.3448932122748677e+07	0.0005646026024353003
127231.26597908263	8798.716095378933	4171.371820694717	0.12854956871256767	83.26016448376002	2.7381376222243473e+07	0.0011005893274332258
215606.3355909571	12198.245893991152	4965.073396932688	0.1489201456549321	73.08205859370236	6.8916252063343525e+06	0.0009325310203120571
246019.22682233326	10215.240334858028	5438.938332349136	0.14711612724481654	92.85911096793993	6.301041352522646e+07	0.001130104040999276
113504.34049274136	8321.971263689653	3725.179292794887	0.12699436272306985	59.803057008652765	3.754787139796421e+07	0.0009260184509142218
91665.49065350596	10732.158222881895	5582.531496438623	0.10565720342063017	1.2372608612821103	4.322020546771221e+07	0.0004381161037933297
74985.2038708618	8392.177383085385	3501.5842994106256	0.10871975057051522	46.14653333150418	1.4855093706866985e+07	0.0006842494312326423
266666.67617260304	9971.69474247715	4224.955669764804	0.15408747191009642	30.189054959669118	1.9316623610707574e+07	0.0005778066853269882
686321.5297376728	8745.200816765757	2890.530315627278	0.16951485401799055	26.25395310939906	7.231001279546216e+07	0.0011844570380706919
239761.0634770837	10901.646908175193	533.9648521234365	0.14902257052757745	26.262151094351342	4.48733759156043e+07	0.00026089764724812744
167693.8164439794	11364.742826662272	1442.0756762106187	0.10732586414221744	121.15599172015335	4.749896680468358e+07	0.00047826407138635896
228906.2639054346	9159.619253819297	310.79476652864025	0.1251582557991619	115.86620816538974	6.4684092798655555e+07	0.00012639622330931253
260732.8290545878	11013.053993270543	1937.0926904872128	0.15013040102707026	74.58920337671678	6.74265717187306e+07	0.0012326253380245946
319221.9742144985	9407.444708493398	3713.3913458359057	0.15908495391646243	7.741275970314116	831311.8982016236	0.0008517657493138138
184831.16986948883	11047.998316070098	5773.9079077477845	0.1337166434974742	123.90712824520367	1.4286919254512815e+07	0.0007525227441902663
907811.893544349	8772.267543165743	4675.818843634239	0.17410185192727107	83.72304814624069	4.80553304688265e+06	0.0012243827956604154
232484.8552069694	10848.752186552156	3992.1676932204564	0.14767877259091433	73.93294119424361	5.742008214862209e+07	0.0011673123832788102
230588.0075428056	9915.40996910448	4489.516449364051	0.14047310619983333	107.08459726722441	1.8473371425773874e+07	0.00016633191783352845
158769.67857446233	11317.954128984078	4013.1342965924214	0.10093458954393582	106.7960516405099	6.854780335004377e+07	0.0005076817169527886
2.4566231113348934e+06	9552.44654571726	388.64015257609606	0.18817964613449373	118.39065658038184	1.5216343120034896e+07	0.00019449350700421423
114420.39267427486	10227.877597437948	2947.4661725689834	0.10398100531159156	95.47070656458905	2.6788293835997667e+07	0.0010882465788747534
84142.27170830515	9844.145201257843	59.49806289148735	0.11460971609336099	73.65332455764793	8.40458439004502e+06	0.001249899015065795
580739.3409256261	12882.180993134398	4068.421479377939	0.16507575260515958	115.12356536418756	4.172684151473903e+07	0.0009777226182511385
1.4196241170795818e+06	10469.529529335701	4809.221581527951	0.18018131751430866	89.36637903455532	7.073179973193383e+07	0.0011428493509792505
196309.2595689406	10983.704081319174	1321.7482117857446	0.1403458383419271	46.89636602655223	3.925229840327978e+07	0.00017440059368437416
123850.20291433873	12705.18792558835	4851.217493280165	0.13216866167053337	16.50529570730554	4.0728148253470264e+07	0.0008849303171961047
119857.69602928718	10183.819290448186	1527.3196530493778	0.12513623003637245	78.03626177913732	3.0669146592299823e+07	0.001189649994058885
125084.11414203884	10176.746365500383	4943.8548420888665	0.12755208913409416	34.75063219209758	7.564238867505541e+07	0.0011201729471475438
1.8058415014799875e+06	12727.532697240382	936.3604805851555	0.18436021042772754	23.67101131136022	1.1637855995020175e+07	0.0009545596340989734
1.1955509145609008e+06	11601.749122470856	411.5872302778364	0.17679022827237156	120.83625556075958	6.120988061669296e+07	0.00025139850974417044
156694.21489937112	9795.065211327852	2638.0272159065057	0.12311173174193689	44.09423955403346	5.827326823825973e+07	0.00015397929822157973
186982.9910008168	9318.785938864181	3879.5943968879637	0.14591679957004255	14.658303639375298	2.6882159414352544e+07	0.00041566052651202266
520264.28711553715	12965.942839191885	3205.4956003591788	0.163379289959718	105.98363836960984	48702.228050313584	0.00015816502821008988
2.346075991015252e+06	10496.365058933956	249.57629154241098	0.1877248631797032	85.21600611460467	6.6364703693018354e+07	0.0011291627952967418
113000.06066087337	9797.650406945266	3768.44773491619	0.1212490117697721	71.77599988053709	2.9506639951136816e+07	0.000935731918086223
258593.63693592546	9236.658136724067	4654.352410707272	0.14850654592794404	100.2101354675202	4.927824606991474e+07	0.0010078445061666955
145177.56644974925	10217.829393888529	3221.7178633964677	0.11171536892417762	103.92612157039886	2.7269953611533716e+07	0.00032492167073680165
2.0816030158061925e+06	8416.144822525974	5816.08440719425	0.1865152604064254	15.549594765329697	6.464717169235508e+06	0.0010690305308645915
214117.9170692621	8678.818306809622	5460.644068001977	0.14232638791826607	92.56400301254344	8.262733776914066e+06	0.0001565217424643638
3.701218541406448e+06	9733.318370658995	2083.6099844899954	0.19442253400290832	6.849348057488082	7.925123787500179e+07	0.0005129832652713511
106871.6120304476	11384.526409512036	5133.0067894940885	0.12229516572627747	13.189293716543986	6.786122012984268e+07	0.0011266284994142226
175179.75765889176	11643.527080663684	2654.473225236232	0.14533102168288997	15.378372791658736	1.6633159539095465e+07	0.0005022604713711367
177568.95211651936	12925.980279960952	2749.3838453282883	0.14384998942420885	45.985251639169604	3.4842789377551444e+07	0.001241448272151194
131287.67668285497	10019.135868416111	1357.6131554162516	0.11826061900066917	110.10201584599933	1.4878445672543494e+07	0.0009424721558252389
143152.91299206033	12641.556780428251	3040.01808206886	0.11102453873132742	42.65438485622095	6.900689640279916e+07	0.00019064634418803456
157654.83300752478	10946.944525651486	4677.9881039521615	0.12915303169843298	120.45187195561287	1.1571345995727533e+07	0.0009696346092013963
1.7122479972271305e+06	9001.830101193416	4933.453990862943	0.1830363405565011	89.88462876355207	3.369986685677794e+07	0.0002936010779374697
600175.7150448937	8043.014921597426	53.6692042319407	0.1682211723972069	27.59973829040308	1.4711771230773965e+07	0.0011475584956008868
103881.65780046544	8173.956869646797	765.727197728398	0.12078461095984178	22.74695041331708	7.296519679160376e+07	0.001194592373827257
71422.31403967022	11203.150731168926	4517.62388864075	0.10666873014018588	9.958247511686416	2.396871567569794e+07	0.0010278882371289348
1.4891175762863047e+06	11697.297809909513	1172.6903478509996	0.1814749867481227	4.1196800437812415	3.1207092349885616e+07	0.0008896483343719029
1.5734413311631295e+06	9583.829970971212	2640.4276071427007	0.18158558043777662	106.80414024890693	4.997979829827416e+07	0.0004325341764647621
139095.90501932576	12477.991648694297	2434.6294248479867	0.10376557428714947	106.76419215935134	2.0718757455920275e+07	0.0004482850241640893
4.535529499898625e+06	12050.432479143245	5484.599954128311	0.19729343281240222	44.26254108649774	7.437409351540892e+07	0.0007009995597248564
202465.24792291655	10874.392680095747	176.48840561848795	0.11629497555587653	123.93640045845407	5.564973652568376e+07	0.0002094887593880511
3.1920113593183644e+06	11694.99019556984	3943.9713319633993	0.1922102059120102	86.1026947469231	3.2627769529400915e+07	0.0004094615432155779
2.247908121106453e+06	10791.850259689018	2093.782580870131	0.1875671867386522	5.572794653251677	8.409526396756275e+06	0.0010593886192453667
74545.9712304239	8606.740141495842	3345.971634693051	0.12409061009948541	14.737319125991833	2.8820773960662438e+06	0.00034814146676604904
116693.43790310792	9707.353220622756	2325.7594358726847	0.11457309309675438	32.90514005731672	7.928247924221304e+07	0.00045608487095465534
56891.72673441233	12595.339875655303	4518.832164879793	0.10026857444558936	8.907594290916778	7.712078040488879e+06	0.001204508998545373
4.598155616593512e+06	9176.298638872624	5479.925304771486	0.19732373301041023	97.27546779638668	3.948160579917141e+07	0.0001581551639388828
62723.64209396938	10720.138023616764	3134.6833354738624	0.10232786935793606	10.922763808549977	1.6419529958762491e+07	0.001030209904802445
1.0120115462310204e+06	8351.730183802783	468.58347137584826	0.17485016922171723	50.71428528864256	6.5699096160065405e+07	0.00018087526741699306
1.7507824806047415e+06	12147.602939702716	4837.1324791989555	0.18328886149154663	94.76100137387725	4.289885314192394e+07	0.0004191043736250496
94220.56262789671	8884.580602090697	5161.119627464976	0.1062913159027853	5.242898052694589	7.31253030892771e+07	0.0008117771560182284
90401.26161100305	11673.399188779342	4322.14751452062	0.10515458372632246	54.70384581953307	2.8237513958882768e+07	0.0011272918940032945
174695.34020032236	8505.004986042173	1697.781243398699	0.1368478997058521	82.00949112117922	6.846207275565659e+07	0.0007564464221209863
334945.8604724531	8898.586338936582	4629.174457271102	0.15719197130151735	13.180245363280681	7.629812098938599e+07	0.0008656763914564611
1.7832781121923535e+06	10499.031689915804	3426.78023988516	0.18340856651027382	103.5448249345319	5.183354671825241e+07	0.00031211426975581534
117387.50358168723	10513.151354275255	2540.528347376961	0.10663657672607248	88.50549734608894	1.900233031789616e+07	0.00040993324036452247
276916.4906129406	12803.769169534975	2006.4152907868408	0.15074211832042975	18.955193122208367	6.304632589838472e+07	0.0002031575640303098
359117.2696066137	9455.509666386923	2918.239567254004	0.15763558168433095	67.76258543962645	4.686291168973984e+07	0.0006328787169094088
1.70321014659353e+06	8773.634053653956	3602.3973218137003	0.1834438536117881	32.98071656883913	2.8458014131223578e+07	0.0009649544112081122
647209.9100541294	8210.13096996343	4276.73132117217	0.16919228067973352	1.5210102834937913	2.5224496985751364e+07	0.000905460673343343
1.9430598733019095e+06	12398.506123059346	2542.3664953081347	0.18529652494896826	6.487729427727026	3.3272333087351363e+07	0.0008606336393737706
109973.4244266765	12940.705736091939	4913.841862117042	0.12518834793291486	34.69925968508297	2.467051792992978e+07	0.000451161276995294
2.2037956231543706e+06	8615.31216640947	2243.5777830266443	0.18705115358387867	43.16656967500716	5.309444223732409e+07	0.0011429014087714032
710109.2539979899	9629.223410768656	5368.48587809526	0.16829400158847907	97.73059828505752	2.1152406136758856e+07	0.00012715560307789857
148765.4656994322	10019.442702840046	3725.383510229355	0.13933740023610786	52.78525479359435	2.688513822642749e+07	0.0008847903871854261
120467.92612851658	12513.810208656352	5806.89964779185	0.11193425038187524	57.22211473584488	1.529856755190442e+07	0.00019425457932868156
893254.2110136752	8656.942888228561	806.7582309295786	0.17280631889868225	57.66478641080619	3.501438111396409e+07	0.0001433375809220099
454336.93251967354	8068.5778354662725	1601.7913223468552	0.16247523551461907	50.30602225808306	4.8176254118748516e+07	0.0005146200094883472
2.0253112409109252e+06	12816.047340680067	6047.04460488762	0.18550447261043385	4.053031049298526	6.19161253269787e+07	0.00017075552859298717
177892.07628101006	9770.572934056643	5810.213016331202	0.13515954533644328	87.80662828202263	7.87475817492088e+07	0.0009653104136290467
115893.44887103059	11152.334252302906	4824.9159778601825	0.12329568898109572	64.34680406590093	3.789178463280573e+07	0.0010819783813265664
85793.91229231008	9113.190705601446	2964.244722631136	0.11986683736774192	15.804051567247356	3.3194049165904492e+07	0.0008419306404213048
1.4611077206355636e+06	9942.671486353851	2813.981500000884	0.18081442329100667	70.8575645849487	3.2614351618816998e+07	0.00035301730211038154
595745.6244217388	10524.393114995004	134.63175704357408	0.1677653815669547	50.638724063370944	1.4853675927302772e+07	0.0010182931791515469
132810.28774947318	12037.880410403479	2979.231679588217	0.13308892631024766	41.982860417438275	7.2849164177844105e+06	0.0002207898678974493
471136.97760288994	11775.682446420746	2763.84329502621	0.16246307987472336	95.2456715274178	2.353020506769743e+07	0.0010480921650957988
165332.9197574522	12349.939098825529	5655.174672682036	0.11066111315936213	119.26993619940107	2.4503898447903655e+07	0.0003249067673742527
447920.50137630245	12150.906625388878	4779.17847480716	0.16327984215348662	44.614989071629715	1.2457791620623266e+07	0.0010840220098297887
119657.85938799751	8647.304947982388	108.23883046442396	0.1378499836748555	60.747662805470114	2.390002232666412e+06	0.0006641484436911254
114910.00990946969	11484.823822593167	4171.336539430334	0.1108219788317654	76.13586169742942	3.661644886870947e+07	0.0007080806403011478
4.993220294592904e+06	10554.646327503633	2075.9993567036618	0.19871653866001726	30.820738091007758	2.0459100413193997e+07	0.00029198800161610305
381416.06452283286	10439.13477117209	4642.0429732300645	0.15930918378242914	1.4143539058501169	7.267002517785189e+07	0.0005640870541200121
158611.8780292031	9159.926677396792	2395.9079609342075	0.13013220610034185	98.46319076649262	2.9733347535385977e+07	0.0004902044695519595
194358.77876914237	11198.405083672216	2270.642183454993	0.14806594058522088	55.98385618071552	8.47639454298587e+06	0.0009712631269120915
563760.8695542775	9409.411824424113	5369.728970810593	0.16576256574659587	83.38578025425987	1.6010274828756796e+07	0.0003184336475558934
231412.570727199	10678.259930261383	2980.041931523368	0.14940189722624975	6.78075823399644	6.938302148649359e+07	0.0009356336226996319
386729.9840965249	10054.193034676058	4222.110246323175	0.16058588465706275	14.354191734331462	2.1335906861239355e+07	0.00043775572685424613
127909.81959377165	12938.301573071005	4864.325234237869	0.10662723875202702	112.30037518541138	1.9293575640125098e+06	0.0003648510130736043
3.9280332825338454e+06	11222.968594260485	1048.4565298793646	0.19535565645646008	6.125118832547834	4.592057675813218e+07	0.0011323606329747137
164591.86921817233	8423.809599827917	4960.312178707226	0.12887563361884835	117.2979506022637	2.7868185725321274e+07	0.0009322783913057346
157193.7060712589	11675.957342499496	4346.397018725043	0.13459011147094568	43.94085558850555	5.546581713750799e+07	0.00030759231419453533
1.0597253051632373e+06	12398.610795909259	3609.9662262712677	0.17530742438259952	95.99579527541289	4.468356324229856e+07	0.000253300265986777
1.120399340965875e+06	11372.62916363221	4166.548764477612	0.17675241977311829	74.26561185684858	3.823358219326787e+07	0.0004471698227672057
146970.7941647296	10873.156686135047	2250.062680978952	0.11720201102851666	62.18086735664875	5.456055416807713e+07	0.00019508353824378367
3.3051200555924075e+06	10892.115151392658	5963.371865653717	0.19295727909836546	41.57468750946381	1.2747798626906179e+07	0.0009442510009149644
4.0463967109483923e+06	12327.98368092367	1730.6053822116558	0.19584403409203255	4.1147203205893215	1.1445627021823158e+07	0.0011447793760622773
3.2653498110963176e+06	12272.084915381069	3396.1268313035607	0.1926338439862364	55.83712437540241	1.6493245811390698e+07	0.0002861932894070261
2.853763771139529e+06	12053.025628210964	3449.508319730405	0.19055395888029325	95.98380839793535	5.1399093835422285e+07	0.0010243095728434438
1.0849407191268979e+06	8449.742040709154	2973.6727953386244	0.17612929341173478	99.65740517875675	3.483954993052827e+07	0.0006810731019265763
99786.05315320232	10504.80158702144	3527.5002533530565	0.12155580401963809	10.270832827672296	2.802256098297034e+07	0.0003513126727535797
147704.55934050583	10335.906430746942	3786.007108872912	0.12249627897597515	102.75529813848361	2.8491188713008925e+07	0.00046654508559054107
533378.2810502889	11879.557474605099	606.938932861621	0.16504242375038092	95.85903463417746	6.153767984751083e+06	0.0007304928524204808
117651.28170830087	8765.513231336305	1100.61959520313	0.11279945305126557	50.30732957219624	6.846796481457898e+07	0.00041867495473592043
153505.05849697156	10703.065407254106	5350.223978801216	0.11947305884933981	100.45421741884043	3.924892519551248e+07	0.0003542777880995617
114473.027343134	9397.874469602206	5914.051113737955	0.10427002105008078	31.539691314691552	2.2096290179042023e+07	0.00015657816240904993
115617.90305098161	12371.560066688982	4881.048138998493	0.1246143030192449	2.7436763343970973	6.0001967586687475e+07	0.0005922487061290957
987469.9876985374	10443.711419422292	2964.7525918622787	0.17382775531760686	105.53857679211343	2.1159343119357336e+07	0.00013165284167486775
159559.23632071985	10288.958723259555	4875.335266211115	0.14359087057125786	14.390027109737792	2.7079638336586867e+07	0.0010167924271614057
176104.44868154687	8607.687196081059	221.15550123614358	0.12501816812714206	116.57572111709287	6.963169272641663e+07	0.0012068790295607955
94638.30535156903	8526.499621348215	3160.698723503226	0.1197927837664837	39.90577330786743	2.0685044546619788e+07	0.00036672102175268616
199319.12935598698	9785.597008247749	4879.701284756656	0.14441471855756838	64.06576038049474	1.0281854223887471e+07	0.00019967667578701332
407110.03318906686	8737.585327295103	5159.659415331272	0.16092390432437406	36.25408389027953	5.0190204676637225e+07	0.0009086876144362686
1.9613630038195965e+06	12115.883122701525	4046.6879064977284	0.18555575060021567	15.17570665592143	1.3835286120696327e+07	0.0011757490488473322
282065.0315458882	12644.07296676071	3509.806142638108	0.15262213313290363	47.43183905240855	6.704377469435614e+07	0.0008056866237841953
276169.0778954468	8996.885496717412	1443.642348797841	0.15536283098958856	38.91616230583536	7.3111507651133975e+06	0.0005170577233293627
98438.78327321207	8776.004331292525	4589.50052636977	0.11494992257722292	58.24580903565782	2.6048871908117734e+07	0.0005336066564351152
118553.46105073007	9446.543462266303	491.4140870212218	0.12372572115720953	24.627308951549203	2.114054663971111e+07	0.00018520865098674532
97782.4014676008	11565.303774114836	539.6464165154686	0.10604808376715351	48.663202479178246	1.3294772453049459e+07	0.0002558907678097717
156152.30432280077	9594.31230986531	1803.2169181119552	0.12648134130414868	123.36246358637537	1.0395570913258128e+07	0.0008007972793681001
196220.78401276097	12834.848869517711	3137.1835171684966	0.14193768191525527	79.42097725548795	4.846208235184778e+07	0.0012403034113432326
208484.55987525207	11295.987066792306	281.93686575840854	0.14911772965770148	30.323172448222408	1.6949821633128732e+07	0.000588642312762734
172188.76866936978	11906.97150102326	4263.1079721856895	0.13988156697555132	70.74088698790561	3.62648328613427e+07	0.0008553933183355532
1.1479811492032604e+06	8063.788347312559	458.46799721573933	0.1775935059553942	72.57851603831091	1.0628955761137389e+07	0.0008988167844896924
3.514966488293441e+06	8736.934243250613	4529.655727306213	0.19354107957881728	100.27816910416432	6.377254844407357e+07	0.0008248659018792022
123926.014848519	10563.954288874455	3426.6774398910397	0.13267583890893736	30.944261784217936	4.9668408224262014e+07	0.001215456226362841
169235.85234296357	11713.367845148052	862.4657486090949	0.13840564775618402	17.46202411414133	7.481960666793065e+07	0.00044656530904501154
134242.82938801846	12013.219288070868	4209.24279761264	0.1368806617805081	25.67912410822139	3.7435270595128514e+07	0.001157239456713313
174892.23724369338	11542.458598922032	3248.7823853472814	0.13969814826514262	31.379272849907736	4.240534746125811e+07	0.00027825896750193017
134268.45599905326	9261.629122477001	4292.002786478293	0.11524369720798887	81.85158199276928	5.2073845421633065e+07	0.00039678901090078715
131782.8113356108	8702.673826669068	5607.1093901790955	0.10197209417391791	113.43365348933946	6.187947604342885e+06	0.00029915031694636925
114154.31233199572	12398.348957688082	526.2233720950553	0.10243256911446424	56.56931983374292	6.429012389154406e+07	0.0006323293974692275
55413.10742464511	9171.694911070717	5425.137936761006	0.11048780131191098	11.272908602162671	8.636323900132526e+06	0.0011874904312505381
137180.06681882488	10270.95724638091	5599.526714383077	0.12249010522876172	103.48325255529484	1.7569140118870504e+07	0.0006251025621107428
1.4134050457227875e+06	9335.342018455016	116.70696688793055	0.18091626606546468	2.5814267359472014	1.0133554589374697e+07	0.0008800424829019654
1.5001658176512797e+06	9189.740365776785	1785.0327120481427	0.18111547422415836	3.064119540084479	6.317868425768912e+07	0.00018673608371932404
307992.5673488541	10168.308159339955	4037.0828191933583	0.15284909391487564	90.71793069144088	7.1492708219311e+07	0.001202067669361798
4.084568728663983e+06	11332.778717404404	5283.186443419907	0.19572252026980702	65.1300687925793	2.055088846863709e+07	0.00014879394430472717
144348.43518026947	8358.917164700393	3015.966261386208	0.10934132372928357	121.91681493638292	3.004540661009164e+07	0.0011083319012812171
253085.59244364293	12577.438763177835	4638.070828510009	0.1506840871244463	78.6514235728613	2.1826935694413047e+07	0.0007660111109980284
1.2589161500820043e+06	12998.521606073456	2372.084274644527	0.17863552314827136	49.64940219986065	5.6187891227679946e+07	0.0006480789105038929
184776.8765133021	12257.225485463072	5964.743211952843	0.11876006800565711	108.39145985773098	5.919590956870238e+07	0.00025062610136137827
3.586136491204217e+06	8360.894772975322	4786.137682948592	0.1938665332130975	90.37584361538609	7.42802181464243e+07	0.0010636098717953528
3.16809549321279e+06	11080.122939184912	5880.839429531538	0.19212551742055045	80.61736908954624	1.7102789800230965e+07	0.0002565406278842472
72128.40908965615	8240.348104038918	206.34059022415957	0.10685769050191471	30.08863956072871	2.690945166867315e+07	0.0012154128613917194
1.5059197084229693e+06	10004.111700862146	398.3207372534083	0.18152004528953292	2.082200919538329	5.633474950699215e+07	0.0007454472193791879
169701.02233411613	10664.121532093402	5073.982272898851	0.10643344036402631	121.91533081873263	3.046880009542076e+07	0.0002853296133290202
2.31682233511577e+06	11454.957418564558	3563.032222182154	0.18781477019402465	3.3450445347840474	3.329838020003932e+07	0.0005761370440437192
2.053085973109532e+06	11221.089991872079	5778.6401172680335	0.18595961470865863	35.93178241385583	5.169945036226509e+07	0.0005483156169586922
1.197941023552039e+06	10973.278147655055	5365.192708783624	0.17753444277615127	82.35584859060015	7.904143158787413e+07	0.0006725939648191056
126091.06241994533	11082.497453188029	2623.040441925382	0.13039492348188125	14.786991861398581	6.488475987219266e+07	0.0007427384166911057
109379.10381223934	11075.453379792916	4809.748469777272	0.11124753176560377	102.41599759792666	5.604041000563598e+06	0.0007760955602385029
458114.7382248881	12747.68269247354	2647.01262331196	0.16097982738988498	103.45268087779631	3.573880976216866e+07	0.0005672021895891642
487974.8559075619	8704.91709823692	6002.992737549132	0.16270324864714947	123.21527517180662	5.792785202247714e+06	0.0007780501205788105
3.80999433832805e+06	9746.35497266247	740.5640594654081	0.19474341797902833	86.87529686911736	7.236447895856462e+07	0.0011139656916660232
2.3992942380345226e+06	8081.680267168294	4977.680410367643	0.18798750625056987	110.63907162348794	1.3577990992333397e+07	0.00027191318312548416
251293.65763806982	9089.887014826543	4272.444669079515	0.14853607505208782	98.1182728845939	3.3575301642735474e+07	0.0006851593372362091
137307.3788949126	8177.991810412473	1263.2580126635967	0.12097097634585573	87.83029827200352	5.774753046619223e+07	0.0008623552627296515
321794.4893536095	12171.1456137569	1209.5994115418875	0.1525756156017283	14.691838106307394	7.316183271097913e+07	0.00013323199124075705
1.1099557964327538e+06	10912.00923265324	2318.0651037305424	0.17677984985972656	69.34871052579562	3.0291445758346207e+07	0.0005534221009940288
2.1884667309364853e+06	11440.510241971153	5178.162529070487	0.1869885540490537	53.15615341177386	2.4693511446806658e+07	0.0010517394937383075
2.417670402746119e+06	10655.254413881445	331.5743622668729	0.18807501876313945	113.05449416768221	3.868537764830589e+07	0.0011580545980602605
375290.1515838052	9376.208577023312	3237.1259471794438	0.15949986301053548	50.40477757939476	3.876255155487332e+07	0.0009450163724383176
226120.26948030488	9517.315653176141	2436.0090861107324	0.15091068758641057	36.475382031543475	4.557583980083865e+06	0.00028822725051390097
282537.8818934804	12442.575130347048	2874.6705882863016	0.1518322793129901	50.04334491422081	7.957160074854068e+07	0.000577546981805803
457529.8307272458	9971.20544512657	4393.535494879887	0.16290463957403328	30.285517362176005	5.798166952452411e+07	0.001169067562448415
414473.2134862848	9694.854936577034	2556.110705359342	0.1602172129506449	8.529939022930028	6.832439855851685e+07	0.00026738754154229837
195204.25726751043	10285.68214393418	1636.3430359845436	0.15027672492690486	9.734348914796747	5.061750703170591e+06	0.0008576384396898806
111068.88450119503	10112.248205973181	5435.954779247362	0.13029106165389562	71.97693948583051	9.693211986263162e+06	0.001213198208389658
212365.82644730352	10381.412528019957	598.1112330273764	0.1485584064686705	16.430091088946316	1.63552715813761e+07	0.0002726973368636334
181667.96482320936	11063.644306293372	2907.545590691516	0.1370667311513952	100.08868288981415	4.0148422469675206e+07	0.0011682742042505966
601682.2008966849	12176.474803120738	5778.3068205301715	0.16760216021433194	49.94648559946464	1.5177711788373522e+07	0.0005034260786661329
1.9679698535053234e+06	11328.378109251851	4467.387808711446	0.18534381381828513	21.257291751846356	7.489970871204025e+07	0.0010495179523781198
471885.2927949615	10210.304798393396	4237.91795329143	0.16297222176474474	66.78687844804523	3.643457633969185e+07	0.0006092949647020365
182793.533169345	11699.127990172861	1918.180558627979	0.14201259952544043	106.51881724364956	530637.4031339077	0.0006288711287612761
149026.10394685995	11904.57661186223	4199.04313642262	0.1033333207776041	82.89306257574624	5.049737683371337e+07	0.0002185521560894845
128500.86818396044	8622.904964312249	3647.0675271954933	0.10208731586269346	89.08098743223326	5.8806750003139e+07	0.0006448232393395979
855312.468338665	10446.064166800112	5920.8883893914945	0.17209226386079185	117.60279294097204	2.5556978897562835e+07	0.0012213898683570384
284521.00850520504	9058.420510668144	4703.94491457127	0.15475200495355534	66.11131796919392	1.776884554809522e+07	0.0010564708019019015
838372.6667835533	10898.704986929026	5833.813385552923	0.17234764482526937	45.87595685809331	7.468685154539038e+07	0.0007438835626439751
191331.21937377343	8427.089323343274	3066.462419872423	0.1477305743845767	71.75932920799383	2.0669921677486664e+06	0.0005608870512953625
5.289646101726457e+06	12250.780630238516	243.738173393334	0.19946272730725295	79.47545767903878	3.5587397568224564e+07	0.0005314978409720992
729888.313237218	10728.364296435822	1234.0159577262013	0.1694189991606409	101.42600669997385	3.5853800128814824e+07	0.00043656741674545
311702.43533372466	9817.784213137782	1000.4163039327796	0.15204009795395113	117.74621808428076	4.0328217336713426e+07	0.0010074131531784096
184627.51025908	8336.475456620385	3303.752728794531	0.13573123817165772	87.59389284282986	6.713282539293386e+06	0.00013316002829841922
126758.92067748982	8586.027322370885	4240.108109902794	0.10733773375507216	81.62241966551785	6.641968238081255e+07	0.0007416906338835482
3.8309650047122897e+06	8711.004415857919	2899.4777184399686	0.19496041617944954	29.5291154265165	5.4532684956615776e+07	0.000629095138787477
131028.96604044587	10751.47637118449	5466.5011181908085	0.13468470948474492	26.55553769538884	5.306883019916164e+07	0.0010571539015110684
408278.2047815858	9421.215541191388	2717.931822585869	0.1617320994496595	10.531239265686512	2.7303608841844305e+07	0.0008559632052872509
114545.94270850232	11987.793600617932	2434.3736209174613	0.1344455766034835	2.639647928527314	1.3452052030574137e+07	0.000495064191961732
577146.5966969924	8140.027264316333	3994.179893374302	0.16666050059305143	60.41114300174732	3.2315628345868822e+07	0.0005201026808182103
1.0271957961740677e+06	9479.382150377092	3927.708369113167	0.17562224847986985	10.444218404210863	7.21979029744578e+07	0.0004462185888544047
121704.24037987342	10758.803144946756	1734.45179911169	0.11991756523963332	56.61563223417064	6.481829278527904e+07	0.0007239205697123082
2.495295415307452e+06	8737.686407104295	386.49273439957676	0.18895094537592194	21.405865135008344	1.882264695750069e+07	0.0004918690208349242
172947.94936643878	11062.436069902986	994.1511450323155	0.1404451318245883	38.31134208630247	6.2943615752529204e+07	0.0006087135320376294
724095.7609501721	11189.187113260026	1107.975435856658	0.16894494169452415	103.86981594666209	4.009132809853757e+07	0.0002748349558250265
3.4323055651731454e+06	9774.362599942211	670.2984253196141	0.19334091384780325	46.61940759414394	6.574707937863167e+07	0.0007242351363047581
146849.97647116732	10951.649226822188	4666.711621641187	0.11874957927076382	118.4520001760461	1.624121078329735e+07	0.0007174165507568657
91028.50017765026	9728.409142104156	4941.551564474206	0.1227677167052535	17.897279946203255	3.3145462560828626e+07	0.0008095646504707406
138153.67584283996	8423.518894403047	2505.1117868771425	0.1231498604980878	69.27261819123825	6.381290198623472e+07	0.000406940209970753
2.7164597349171764e+06	8692.147967186636	1245.5300967916824	0.1899082352198999	89.552616987048	4.278392591365826e+07	0.0007441400046021782
4.277930380077002e+06	12498.931423252008	4182.224540265416	0.19648555738475298	26.97549341133434	5.3926300595765814e+07	0.00048284095418984113
1.7775698825053435e+06	8556.338736332098	3263.90520936426	0.18337231806312293	103.54121078145099	7.519909629694036e+07	0.0003793821435885244
135069.57811825848	11522.648465101869	3020.439688299992	0.11338333147551112	89.07061393301674	5.821709147448435e+07	0.0008723027972252482
132539.67621096887	10361.412812995542	3799.970252723294	0.11769319662673802	68.75435391100214	7.796230860940269e+07	0.0006890377580129571
343699.4188315711	10068.474018953728	212.69268531777158	0.15770602792718996	15.534730761584111	2.785719235542267e+07	0.0002770552071046466
114641.4561821769	11714.529603958863	3939.0446465659256	0.12112833865968217	27.94913896351297	7.541658670102684e+07	0.0009682887792748956
73288.29560569748	11180.794980412462	1677.051109156398	0.10207213027108361	9.233942039391389	2.7476292047251023e+07	0.0009312954234659518
85609.24759640476	10033.502287223266	4315.448213452093	0.12832519013695376	10.771499574960279	1.4070403565603942e+07	0.0009483594084328573
105471.38516822967	11941.11430464635	5780.1772680201475	0.11310885040117986	43.152168992011454	2.17305527862582e+07	0.0002833251385326814
171344.43146614364	11989.824065062088	3447.211625950827	0.14350453940940638	15.131294068186577	3.91965742698214e+07	0.0007267744921245014
110490.90211839358	8117.128912122382	5101.695949639394	0.11853432020415466	37.802299274435775	7.276280473887378e+07	0.0005932223533277183
156697.45469726555	11322.713101986781	258.2606450875533	0.1382289563738568	69.04962717294244	3.4204422075798325e+07	0.0011123256723245413
963789.002371054	10657.794340459186	3581.3449508513927	0.17490131058126776	85.20192745186951	4.96997796875771e+06	0.0011088221546718873
153987.98432684492	9923.498380481837	3003.1021402211004	0.1239722633286985	93.02240055135437	7.741130589519897e+07	0.0011490033586557921
870936.8413675735	10124.147443724396	3420.7902654219047	0.17328231815397388	83.51253860352386	8.800132914895568e+06	0.0008994914411938557
788619.0931241551	9930.652729853424	1650.8092055884783	0.17107765267007352	100.52874933528751	1.7693895463542078e+07	0.0004381824697109133
119070.18152940122	10137.858206069448	5322.782021699323	0.11639636366456547	76.11217995356897	1.3954684661662854e+07	0.00024789371486703423
97391.29805705803	12558.664533583324	348.6921062566584	0.11335213476160351	5.414558016331657	5.6534729071958385e+07	0.0007965972554094098
86492.64515701593	9353.776932439818	5524.58435833251	0.11970972521076281	34.23191562061924	2.422990992181653e+07	0.0006938023119747039
106308.70773497061	12436.321185102095	3871.8503067583592	0.10659554045781347	67.20618653467241	3.1295582769477542e+07	0.0006193309496026241
168900.8093478153	10978.376493196158	4249.692928813971	0.14500714803810374	17.13340697995739	1.5866156431686884e+07	0.0005180096688127925
226264.23844010703	9634.241388748727	4566.383502837903	0.12831255043485237	121.85308117255752	6.6551519395296544e+07	0.0001788976043311851
1.214315611299566e+06	8623.667980939443	2555.3925148581784	0.1785261043577379	84.07267919561349	632729.1881224434	0.0010932739844680213
3.751581853967674e+06	11955.659022596717	4504.347328177408	0.194743950760652	9.582852497065694	2.3324410851688843e+07	0.0011814473549962281
110886.27005679574	11340.201019795088	1863.2541842766964	0.10894996953925243	63.292576419081406	5.39046697968808e+07	0.0010038952683582773
506857.51140053524	8716.700522150226	4603.888968608762	0.16371240289976619	65.09608788002441	7.473831848534103e+07	0.0005681406392026542
108279.82787323721	9076.73919056873	2654.1802856491954	0.12061378964658523	19.42281140620448	6.784154877841163e+07	0.0006542803160494904
162241.48921151724	10807.942919588799	898.7998581821982	0.11070849455065196	111.9586587407322	7.250735366881537e+07	0.0008711017471384416
116137.87735460648	9046.098857291006	2323.510477278743	0.1351902468679611	66.49897224274422	5.405787662414086e+06	0.0007720214442590457
136220.96843707713	11006.2144690866	679.7480909518736	0.13528250462194044	16.306762072841952	6.476209154531198e+07	0.0011843357935697137
124654.85374591796	10995.407423322456	581.1511672445259	0.12275062424558252	65.78888366647551	6.111447711332283e+07	0.001134718024484781
121730.11806299824	11915.179074601747	1613.393524091754	0.11442295120355081	65.13604016550006	7.27956675986747e+07	0.0012412351126851679
118868.31251433575	9984.675344394596	5207.267471106402	0.10094321917009824	116.3729078174412	5.582605106107344e+06	0.0007034250501783576
2.3916217085953825e+06	11368.488269519265	3337.740494378547	0.18776174016766628	100.85094179382023	2.8827192701132488e+07	0.00015828639135449256
87593.6664046412	10955.81762195885	2955.3526221956104	0.10825589878938485	36.56750354763973	3.38983348706109e+07	0.0009768377031513936
112117.30625074824	12495.693470257793	2555.7307028416394	0.1141381009361352	14.985215685639202	7.629737175903511e+07	0.000635910314158528
202295.4697652181	11942.18119887811	4830.501483476361	0.1405483003719727	81.03680300273683	6.692973801254933e+07	0.0006060455829444855
1.2172760199569694e+06	12816.066418095696	1833.9276677883631	0.17743547028359302	104.05803579809266	3.494955953380464e+07	0.00022642533582329958
109969.44314184184	11324.619951925213	5172.465001162104	0.12075222912049063	77.6003550881777	2.0785315032533903e+07	0.0011536355582993216
99733.92136761826	10709.768404247123	3478.134843803443	0.12322890864141764	36.3936063382377	3.3133754491215598e+07	0.0008132161261102408
173830.68427088304	12541.589502523513	5436.291272142163	0.13697404909169678	20.447542067052044	7.023478392554611e+07	0.0002799716125391525
113661.74666363496	11637.630837567918	3337.64741487659	0.10793798762991319	33.165236729424976	7.334507844179331e+07	0.00044741463455798486
210939.29310831893	11447.251957351433	3346.8547698890975	0.14513883229152832	30.952785288466924	5.0078370079591684e+07	0.0002571713755281849
659055.303639376	12770.224173653804	954.4688115969565	0.16897314240640168	44.97587603724033	3.1740567559396286e+07	0.0010454659752136344
206553.93358026593	8187.9268089803345	4832.2577494171355	0.1439870259756711	78.22706852545694	6.441566925691443e+07	0.0009858092417131365
223116.98479526627	12893.538666717664	3961.870248890629	0.15027652174313139	8.393182093050305	3.1914203112821426e+07	0.0009579832471780262
4.485341579845731e+06	9783.192235948445	1858.1056420738619	0.19720519579351264	30.89050685130484	5.043291912918477e+07	0.0007036332216943606
1.2281699409948604e+06	10287.630166072118	3891.8519182170053	0.17811443324615817	73.71331671115745	6.92677356088883e+07	0.0007912172192438789
1.987103538116034e+06	11914.396131823101	5934.139822692079	0.18559658629894732	8.070517812993902	4.396107223079706e+07	0.0011438088790666873
109026.54896175681	10147.040819766018	2234.221841625919	0.12357136741133337	21.518272078504253	6.918817061188965e+07	0.0011568534119468466
1.0960734322307308e+06	11906.638457339172	3356.024999209622	0.1766252418831214	37.28345861191271	6.6631990408549674e+07	0.0007973014563490076
96827.26250602098	10069.685406223114	3695.5094687647047	0.11064249481638727	60.25075434969453	3.719503682419216e+07	0.001125829019230288
756554.3288742778	10285.455816799742	2778.576517992924	0.17036820214443804	79.05840348399475	7.77379799474759e+07	0.001220732319146753
1.067697346154968e+06	11899.624098899007	249.15567843110324	0.17549933387247685	64.75744825313167	5.623611211445712e+07	0.0001648802412188648
134463.85258187813	12566.567786569572	5749.314407072576	0.12860316329330948	99.74379495449251	6.883572354594341e+06	0.0008640185721359596
1.3841837564833271e+06	8346.182019887163	2330.3462373036623	0.18018260668390576	46.56412670268988	4.60139264373683e+07	0.0004638770331795115
1.0331678107198954e+06	12356.684253243493	4547.643769589093	0.17572144104831092	13.995339254053327	7.844863813427189e+07	0.0009292820070843007
98702.5765684796	10551.114652454404	752.2985363033496	0.10959950735988688	69.15395097156286	2.9125110319446813e+07	0.0010304254320484632
275599.1401834555	8711.116126574909	3169.8857862174673	0.15211553111570486	21.056948472761317	6.533583530143328e+07	0.0002932443037282033
485056.07323476917	12082.91176630025	4303.245984337093	0.16309834888624697	60.360942209664415	5.83404368184691e+07	0.0007138997769828359
142266.35737471993	9350.86867560598	3861.8233838588644	0.1259198694106175	56.08023759639147	5.1731515804391116e+07	0.0002537317827084356
2.880706395042662e+06	8226.786746139947	2256.978425140373	0.19065173096317378	89.95740987575789	6.002248393554773e+07	0.0003376127295657851
309408.0602177766	8061.545098120489	5917.487470008127	0.15664949187231447	16.197949754801723	2.9007071740942746e+07	0.0004527281003709361
109659.64761187328	12868.940834250428	70.57803308109628	0.11031353209709277	54.52214236225951	6.061819570158418e+07	0.0012335214969477048
3.6740225354347443e+06	11687.566799646193	6043.205591098917	0.1943292011383166	79.94888295350685	2.2094704091963224e+07	0.001218540837070588
108195.07456421196	12663.018407805414	2363.4120388170045	0.12341037366071547	49.76546131558894	3.2267770720413134e+07	0.0008716115118641934
85742.7323139605	10744.647669749285	3782.5832987482895	0.12187738410996225	18.259801113840496	4.608212061321515e+06	0.00028209188422657146
958464.8865806559	10836.302367336903	2837.275484758305	0.17468701426402358	54.046446647310006	3.278305184011031e+07	0.0006134348146703082
219025.54384748414	12470.221908390755	5358.314694337626	0.14865014024258544	29.421150878562383	3.1864954559015863e+07	0.00046671568765231577
3.7326932576805325e+06	9796.733251972737	3520.172424234866	0.19446628373748903	21.224850410563604	4.983471806667958e+07	0.00016735845111677782
757154.4233632496	11816.787165625628	5948.992189180816	0.17066786699960262	82.58172354707264	3.121077833574715e+07	0.0008636076135638232
91443.98225462485	12709.345119349293	5815.88129016655	0.13220536830467433	14.247960110002042	5.162756477049825e+06	0.0012418865938138032
143184.58568493818	8627.830225051941	5244.45841191493	0.1365561013789023	13.37306136343852	7.147129107479042e+07	0.0008366260717384753
641670.1470793934	12518.722577743414	269.1947147514585	0.16701389001552513	106.2222883426063	5.0556490187124744e+07	0.0006979030297467289
304908.47440190223	12065.846382424434	238.04162692053842	0.1532710954128534	61.61958950348482	6.18997373793401e+07	0.000370210065170707
3.785862458469907e+06	12920.252877858122	5872.022564128447	0.1947618095768465	5.31063183524807	7.461469135009606e+07	0.0009831197242184046
83859.96868160709	10134.047393272407	817.332615035466	0.1250630110358526	33.519875060487514	8.995517006360088e+06	0.0006339290286426414
135609.46839479622	8989.243861850231	2673.3206176089543	0.12993581973649537	107.68757557339693	4.009381136540671e+06	0.0006863493079288375
1.2936399617029538e+06	10467.612358662918	2865.7258159723615	0.17915487205505798	102.70643680374926	3.4278624679823774e+06	0.0010167859142984224
294514.14727035526	11757.777751278392	3198.4878122445793	0.15517131895877784	0.14882643475000706	4.669573201564e+07	0.000787861701493111
69256.75386765448	9961.882726062957	4045.1272458782646	0.11748408229109457	3.4822740264494185	4.199123077613256e+06	0.00039272545252957427
366584.15230653225	8930.470994523132	1373.814134739696	0.15863426828970412	67.54390892357655	4.2032759890420325e+07	0.0010108376574801366
902611.4712975064	9738.241689754268	1628.7087196854134	0.17292746549907068	104.65880957908335	5.3686950385580756e+07	0.0007282577204250009
240989.72256404773	11471.25089011679	5918.732040643587	0.14906444566902066	12.533818819675414	6.06459083909065e+07	0.0003051053039284488
336738.367141092	11433.595565931442	1543.993445445925	0.15574230518195892	4.68321513527957	6.90371469481288e+07	0.00024329314518590505
921326.051354591	8650.426568265166	630.0881051551031	0.1744823557838468	22.213396509795462	2.9341862427799113e+07	0.0012120069814031977
198139.98768150152	10850.643542339449	5570.413030341339	0.1460023063793775	45.5354740292421	4.80595587791324e+07	0.0012371758166827515
117699.46587772424	10796.752281109177	729.5076357508112	0.10383331402729076	97.34221606177564	2.4234506435886335e+07	0.0009419798013576773
129459.09340494275	11842.775386656755	3686.6912921611147	0.1092370729372596	80.8722944775968	4.690419496184708e+07	0.00047710324222810665
173839.10244481367	8465.023975338729	2620.6389517004036	0.10693660738333499	72.89992142883229	7.59634994603488e+07	0.00012749568860350545
114878.41565847522	10717.534625936354	1049.4644585130181	0.12741325671879766	42.28098079328729	1.6588556094713679e+07	0.0003022423107637119
445874.84222612885	8867.402616398038	5848.883396129176	0.16302242125998656	71.91052692358566	7.298992427956216e+06	0.0010049485420463742
1.5520411530709714e+06	8753.908574996298	5428.126146894012	0.18189704361306697	39.30118907331219	4.994302467627256e+07	0.0004544592407741039
1.2497036026633757e+06	12250.422680831305	2689.11652980453	0.1788816696050577	27.78676323883199	3.0104295278988384e+07	0.0011507358972774279
319473.9252412693	11810.648608763746	2751.0788792315807	0.15311806823404858	108.50453166204827	2.211996133644142e+07	0.00039989062368723073
185072.47750125412	8882.430050271549	5012.310174921883	0.12339677016031085	121.84147823424239	6.045642165987184e+07	0.0004890391625772253
2.740382169221941e+06	11408.015307470425	2249.455678170366	0.19022801327762823	49.916677626970106	2.3531364957558826e+07	0.0010172860114891968
246348.65138105044	10459.296115498106	4857.211963142785	0.15281209031996562	45.270052083290736	1.4453862864067052e+07	0.0009491690563295246
205110.02685049234	12366.84650779309	4544.3843690319445	0.14698948042924642	14.294961220792391	4.913965618786997e+07	0.0006534847246204355
355633.92492080136	11348.53782321956	5385.755665849097	0.1579646356936622	59.694290851309255	3.9793747536099486e+07	0.0008645691914342855
175003.95261273306	12030.20612222905	6018.813493248088	0.13176954553923678	86.33393139082455	7.843641307864231e+07	0.0006507702616407043
849436.9391406612	9642.477495314202	1759.0234645432934	0.17275004596879656	73.2360979530316	1.7106804369066004e+07	0.00044161742194729123
159221.8426132027	9749.411702765201	3142.3818291417683	0.12073089435150482	79.77237121165226	7.850936907925354e+07	0.0002751361577531385
162341.93092071766	11233.26435369214	1245.8105514928013	0.12503165975278166	95.79633340695169	6.843244476214871e+07	0.000671651102533176
147132.32357873063	10351.679206067536	2743.1960784334237	0.13711109523429746	2.6477294612847153	7.403309577771007e+07	0.001023163896431509
119942.46683190491	11484.921767188283	379.9261443774324	0.12959848838825386	17.48848591674342	5.408968380443093e+07	0.0007631284739602997
477599.78413969075	12227.8322091145	6025.339741100051	0.16392613310914178	36.21543991013317	1.3435967108290954e+07	0.00039283869116473385
195386.61635916712	9062.51030503473	3516.857081168643	0.13921083902154785	112.56682535531247	1.2405410053180037e+07	0.00039189580186198573
127446.7141779246	8349.171878732017	5662.172269508368	0.11925331930054123	57.1460570649934	2.9429654381736137e+07	0.00019584803042305008
180864.78743274923	8536.873948402237	5627.940378148101	0.14614550099901158	39.49545831705056	2.2833827120158955e+07	0.0007205411978307545
137545.53217568988	10069.6730835138	3060.6903689901305	0.1112364964123998	94.48495438540192	6.05858385758089e+07	0.0009669864414677853
69978.35130653263	9578.604660350058	4493.678795641607	0.10609719403626465	7.80183837936213	1.4320524081765413e+07	0.00047363902289832227
3.5639416751122666e+06	8044.568256166272	62.533247940139134	0.19396687076624008	31.01035492517137	5.0920066911747225e+07	0.0010824606922547606
1.6112068237641337e+06	11612.95544306508	4766.698080550039	0.1822590060252906	56.95087258655808	5.322749229549203e+07	0.00040665134644022005
136423.28578587488	11714.016650365287	3966.5664844612165	0.12094336217226062	72.33483546976878	5.284220615844798e+07	0.00042208970459232486
3.665597133291452e+06	10879.203199056523	4688.086605505958	0.19430678989891767	9.429806116861375	7.384339029585178e+07	0.0007871652793960966
183120.31073026094	8843.93958216773	5102.935561248806	0.14243864688068925	69.42757280715816	4.274772494721789e+07	0.0009317856689597224
4.228670419145433e+06	8313.39092044353	747.7951623072727	0.19641776316460674	3.4019395305528053	4.282635417066317e+07	0.0009945433041395866
3.812222432035441e+06	8911.97661712106	3121.998105435889	0.19485375072556654	50.59007903026777	5.582400434203545e+07	0.0005771344607186747
211913.78575626353	10297.283940737572	4863.407895467801	0.14283610492566584	1.683536662936064	7.181229487108195e+07	0.0001900501984993247
149760.14694029966	11186.477388889441	5541.383085776679	0.11524816746459322	109.16958533828227	2.8219799623675056e+07	0.00043433862701981214
1.643960597102982e+06	10577.072025115174	3341.651556713447	0.18289420876024381	12.444429805054238	2.8374581028026257e+07	0.0005547584554736493
415495.67584157357	12865.85601484844	4539.8990872679515	0.15948823825182856	33.14103538135592	2.0246179009161502e+07	0.00012780404807278945
210075.26421275412	11509.242446704538	4878.196855134386	0.14327963117471398	95.97199463536238	3.5494143045521915e+07	0.0009797037203187317
123417.49298720685	11587.261490339743	2378.4020717302537	0.12659890850910477	77.92207154150707	2.122433475902271e+07	0.0008684627630296599
378035.64014627936	9872.61938567473	5133.164853560788	0.15944000074718678	51.533405702083996	1.998197004407897e+07	0.000349190580389973
2.179772835939624e+06	10692.7155643374	727.8369456091939	0.18695339708629272	49.63503007097875	2.464343514423433e+07	0.001118686132689242
115359.57503168864	9000.051738006503	3156.5015128956156	0.10716186368047306	87.99719204718318	3.788370638278364e+07	0.0010541091286769223
109239.86357116538	11072.21252137998	1640.6238551015367	0.10132953049514754	50.031614639484914	7.614089139597051e+07	0.0009671836333218831
102774.94641562438	10080.716643835802	4025.0992132228466	0.12714757573459165	56.092869267035724	2.0205249656103924e+07	0.001243374048923875
706453.5820732816	8291.809559479449	1051.5638673938447	0.16990760083693052	29.307749401837356	6.892019839425762e+07	0.0007932078253067194
804203.9092973756	9345.729489732747	3845.8621695768197	0.1719651664347986	69.44215142462056	1.0067895203477725e+07	0.000351926843219851
144951.6609299898	10111.889749813901	3181.2288352663977	0.12298614800717965	88.35041960073711	6.734954045793307e+07	0.0009815569006399513
97683.8814048593	12592.72172632624	2177.612941987848	0.10014277140840257	14.234071353034835	4.5149686388334386e+07	0.00037537825369084177
1.035383530983719e+06	12441.225016269524	1953.1007114182983	0.1759102331299317	11.680250697169473	5.9475563999881625e+07	0.0010933024765369087
1.0801342817983793e+06	8204.336464858512	3470.911279408935	0.1766657113014703	68.11336430144861	1.7885161264184825e+07	0.0009887740324147738
180417.48494958642	10805.362353290073	4460.816607109561	0.1414564134434645	47.366468506595986	4.139728361693274e+07	0.00034583460430442296
4.659243624683136e+06	12647.347222586908	5027.617877585641	0.1975007873222744	113.470700576429	5.414442127057537e+07	0.00036479712413180004
2.25341651271941e+06	11354.059875084436	2702.1108909896457	0.18745395418028205	27.461791954966955	2.3975849980723493e+07	0.0008335415918924119
119892.87400054424	12047.107855795875	2418.5418440362005	0.12213340410789258	69.34151817343792	4.027194473669282e+07	0.0010843327390232728
136607.38594688885	8225.263200956935	4536.169001662616	0.14087212680500755	74.23117857046809	564684.3061916641	0.0006833086083852948
115807.70345729466	9729.4052834507	5038.265133960366	0.11623158331053676	48.26467564839028	5.130560559537859e+07	0.0003658941067643156
486389.0246729926	8321.66773061093	1103.9725112504807	0.16327809925785325	71.30566445672137	5.99450481703595e+07	0.0011309408834658406
100325.62780896682	12619.327224362867	3304.5307913223646	0.11087640997668563	13.156830608447498	5.783812095915021e+07	0.0006115254964269756
1.6420634758077993e+06	10645.037177580709	5034.56851838791	0.18272351831959743	54.64200951195059	8.737440056779258e+06	0.00023749768832627822
163372.6121005833	10437.23108462066	3997.319939210635	0.11157981271630896	115.8965829295802	7.34358491306958e+07	0.001200170068613003
338755.28233815933	12134.491837083613	4425.94991679085	0.15675892282508724	33.73622332729528	6.843021201205836e+07	0.0006852039126617298
157249.20508150238	9043.997306833444	3217.5269758661357	0.12919046365542527	96.15646676735255	5.494449964157569e+07	0.0010084046175603833
379239.1169808932	12824.213273051315	818.0532505196891	0.15847433922397092	45.89401762666633	5.615792719016375e+07	0.00039628301173586823
263773.05838373106	11214.781792200909	3266.8817668394568	0.15083369858435394	78.27534355313568	3.940278669519115e+07	0.0007749487117294214
128353.67986373368	9484.63604040274	1030.492369156289	0.139672388436994	35.89214558134972	7.534460406036702e+06	0.0006446352920225475
143640.49605208205	12123.838468621841	258.1113879042953	0.11401817346702542	115.10517587220976	2.1785274183483623e+07	0.0009121153781338529
732593.3857666804	12563.73726752957	4467.530469142754	0.17045854226385188	25.03658014267849	5.3165596419920415e+07	0.0008663203463467973
235707.38274695523	10798.572972008358	4992.847463512294	0.15350814960556003	42.71114857912693	742665.6190516033	0.000800305919339362
1.1972073632768255e+06	9282.885919697044	3732.19831525754	0.17809506220133992	50.65934225065242	5.031608717541659e+07	0.0012305606338943289
88457.95368561907	11887.24414714542	5233.8501063583735	0.11089628572416596	70.23221245207294	1.1767160226437207e+07	0.0009695824686554646
2.3128081179156187e+06	10247.533917626844	4891.853108723604	0.18732215234638394	113.30312589489823	6.4833476575444244e+07	0.000712855463495018
695560.3905179736	8285.725936648365	5082.189761483581	0.16989117997709588	48.39408677288106	2.8086177864598162e+07	0.0005862028713424276
90411.89494872544	12933.691319169067	5793.024947020446	0.1173303714290627	70.05195456051199	6.871984277188519e+06	0.0012112179631264572
1.2661996041150915e+06	9616.804926174063	1040.7490468181807	0.1784780706945202	84.29085188474572	7.542908414425075e+07	0.0011545572638874946
4.662576627554104e+06	11026.723167871161	5566.566097914275	0.19771512074231656	99.70322611187987	4.560157083051639e+06	0.0010056669838703458
2.554369416831478e+06	11120.257141257833	2700.8774311877855	0.18899878244389712	91.6053194148438	3.277684271809189e+07	0.0007636938422470671
335437.2720719683	10478.293021509922	5161.805720096014	0.15495419808362043	44.36957976148149	7.666339449092585e+07	0.000232580817875434
2.477867459435788e+06	8187.761204384109	4468.921805063875	0.18883878454947106	4.590921793015973	1.9522204651388396e+07	0.0004186326271437629
183921.32319737348	10051.623793471306	5692.255195385747	0.13072905662197384	105.70461401754662	5.587130739827329e+07	0.0004352784554655572
171393.52094584718	11145.198373086523	1509.8671985133626	0.13331844919253907	93.8909121349039	6.359411494208307e+07	0.0011757777525612028
1.025957154608165e+06	10291.849837718402	4123.021824530355	0.1748798376676897	115.40741816611234	3.034971143520798e+07	0.0004355248603032388
543004.5189050258	10652.507826654375	5558.479393249933	0.16427067190563405	92.42871959402137	7.727051134120725e+07	0.001123490998664823
486116.77530204394	11080.895430395434	109.46392269950618	0.1649026813237957	25.223896439649412	8.106576127115285e+06	0.0007424462276346618
4.799888736499211e+06	12600.466678849229	3055.577165531104	0.19812687357641695	17.417449645811274	3.217835405866501e+07	0.00027668787024862627
193206.03994546682	9544.182715160814	5791.13548302281	0.14594594040905534	42.639516068451165	4.1023731304550275e+07	0.0008549390409846649
116708.54846369289	9259.38733101909	1429.6587329487445	0.12734089916580893	31.699404637622028	5.758234610696948e+07	0.00063666112848178
407327.2101060059	10658.231417189774	5387.12361103139	0.157282428545692	119.75170175223353	5.049848285275251e+07	0.00050665931067596
117512.65936739261	8532.841526372416	229.83186467500445	0.1041746461023413	71.50542481316863	3.079395038215713e+07	0.0002709879550696933
654593.5722634811	12234.177340969989	3719.657974825818	0.16893392352393166	22.534616555652107	2.588258602214157e+07	0.0004444302597423329
1.325016558507672e+06	12378.229065660213	3941.357931250607	0.1792445571586223	77.84034489472596	3.7166723273663044e+07	0.00044975479905464766
61989.98391131847	10876.247200358757	2710.7272262112424	0.10550276492431106	40.74900222083863	6.319836018059984e+06	0.001029937964804719
3.364470220046044e+06	9013.605152743323	3306.0232411439665	0.19278608011572063	118.5259321324284	7.47303554859145e+07	0.0005702669474563181
1.0239168519224524e+06	8697.519567767094	5866.382039288989	0.1757004805914848	37.550299237031886	5.356601737429e+07	0.000627385118567686
1.6896945055203415e+06	11080.102551740387	4207.5232282416655	0.18309077225156273	59.55354291467699	1.5337428439656537e+07	0.00027914051355966
948201.5263234868	11027.206247198274	4046.3674500979632	0.17416226103395263	113.22957133815794	6.015394511769698e+06	0.0011446046755529194
101928.5260405475	12127.531063251274	2976.833003949606	0.10428332979672486	16.348603829698792	7.692087660425824e+07	0.000802575012798593
3.7712394017957617e+06	11187.40442627907	3452.112234635545	0.1946746950907005	77.76958443563791	4.03515253171905e+07	0.0012338206221204798
513219.4796924766	8448.246485509542	248.83652574373966	0.16232740078629032	123.7245165442956	4.8468277650610685e+07	0.0006864768474247251
368712.02570599783	12297.347773763477	2658.1045188302787	0.1557568311958189	99.53590094828783	6.73011502993198e+07	0.0005727852322531807
146594.2947964536	10434.182259498695	2581.495066054874	0.11422187504711435	58.228429400307164	7.599644635087645e+07	0.00021985342347698584
110533.43684204629	8981.895900679036	2005.3173266385165	0.11124388735323608	69.31520741156953	4.6333072343636766e+07	0.0007407259134133224
85196.03043653522	11001.871377988526	577.2703149919773	0.11085598943441093	49.25328416572748	2.1589611003533453e+07	0.0009186450939720028
86192.23500534262	12783.78068270267	4148.421405879394	0.11834346657524847	32.28773843730296	2.2315658813920278e+07	0.0008375214381570849
149786.11317238532	12804.30147003004	6033.069568745039	0.12902499493180858	37.85277450021274	7.859829393636511e+07	0.0003557947027939714
201308.000483203	12905.729122150891	472.45970130143314	0.14634511411701057	51.59719824591417	3.243327186304716e+07	0.0009939776906765787
276386.592425125	12376.754951708921	5091.0582283694175	0.15522279499509267	6.096887822359734	1.7581777251023818e+07	0.0010325086284130958
187541.7598739968	8836.76286756342	2471.1362433494396	0.13899521571626952	106.14998820115615	3.041971517506445e+07	0.0009812935680203318
163398.08654902925	9670.578438329536	1016.1150985810548	0.1406224492578965	26.1801157608764	2.904391623394389e+07	0.00028991449890601866
156758.78259479837	8259.357130065098	1727.6840293618704	0.13746333200196625	93.88796534202773	1.5310268482236745e+07	0.001147916649108342
213551.58888108574	11492.135609186931	220.66426047420237	0.14303542127393612	108.5493176167598	5.521987786746692e+06	0.00030694887610500666
1.0213984591378258e+06	12281.12466321815	454.7298954666315	0.17531922454199694	76.65073993218877	4.9517777420414925e+07	0.0011161087294279416
2.11850622390013e+06	12589.204020465218	216.74546544279744	0.18629326682412203	45.60220764065748	1.4332328544733414e+07	0.0001597633658297693
78325.38525728647	8197.814740713546	5344.342549809408	0.11281921590897653	8.97126067422123	3.364340875679419e+07	0.0007163468159281523
61072.33630954041	11856.740037066287	4863.817427734784	0.10238341891683364	4.5303465543370365	1.240817065718667e+07	0.0010075312159670052
2.994756941760017e+06	10356.668735270498	5051.894510709056	0.19133098235583587	69.50018008597524	6.760328291979028e+07	0.0008050259957252896
156650.04586558414	11824.821504407886	3830.766341863059	0.1402178739520179	77.8332609905062	9.788223434123669e+06	0.001114729364797634
69346.24666046319	12201.315902983326	688.6104569853303	0.116986187597363	18.655895848888637	8.463128590512317e+06	0.0007566111198619439
4.700472348139031e+06	9968.712174898814	1203.5213908679725	0.1977853477883683	25.527947011137353	1.9564563215436857e+07	0.0001393919405429622
109482.6068166714	10375.242680315705	5631.961299171541	0.11675083633887795	30.161335571976586	7.793633350106823e+07	0.0012001018241343275
203019.43565416057	11913.389702091708	3422.81806911256	0.1420441072565218	79.07228819670975	3.8513342464438915e+07	0.0003694314870498607
132196.37742139446	12454.097154323797	745.6546255038601	0.13782542442071166	6.963848718536811	3.0852873819357492e+07	0.0010994938563622365
168817.36154002234	9935.319377169279	383.985550955428	0.13413916271000173	106.95759990227897	2.8493102344020944e+07	0.0010466958889766098
960576.4510245274	9627.628629177689	2946.5504318142653	0.17469059516643926	53.84618642178177	3.2923216351272576e+07	0.0004922312025584314
102222.31309600173	12476.378126946944	5638.156571137001	0.10874140338008695	68.17640575614205	2.727046923885924e+07	0.0006933194313089767
235901.3363160258	11061.8508008915	3939.8896987571256	0.1498573386334865	33.05822302679256	3.2712839773587875e+07	0.0003610065342544564
2.503008790316358e+06	11323.8613126268	5227.532092882239	0.18852587340231458	104.99887200077103	7.935930706157319e+07	0.00107241664506753
666081.0883756485	10143.490212244838	977.390778446829	0.1679189569272761	13.485729220227608	6.373407887387652e+07	0.00014646492977392234
123807.09840759766	8835.450501674648	2631.536673070326	0.10465526194829189	81.84663388247894	5.994443957788225e+07	0.0006107561729057139
1.3209977158100535e+06	9426.877759175926	1998.1543512779908	0.17976869516189875	49.01093544616033	1.6416876255033202e+07	0.0011988445736651645
707233.101087519	9934.391076569967	2961.127437745764	0.17050559018421035	17.659205629016963	2.3068516018985357e+07	0.0010914025543838357
5.387306380122298e+06	12226.514983483214	5937.2500075164	0.19987958113988252	40.30166211746197	2.975324552874922e+06	0.001218214396040618
90903.77153046908	8214.816151649387	78.15225009224893	0.1208653679107312	41.63403481160188	2.460870427903216e+07	0.0005742484468902023
2.6635544688197467e+06	8959.036477003294	4791.406098517315	0.1895337649538448	93.29657107419463	2.887028449767984e+07	0.00025497097488025777
307368.70294789417	12227.207086167913	4828.128186020183	0.1520423167359894	97.00644320018264	6.603864751632241e+07	0.0009176359540360591
2.4296551068112194e+06	12495.522007950643	2683.895307316756	0.18808417139685268	106.20665552363933	2.4959544269106913e+07	0.000248939814554801
1.2696527914250076e+06	11048.239587858876	1382.651046101288	0.17870999553940742	20.263743533649233	6.917695368177664e+07	0.0003208800300666766
177956.22007306071	8317.777645022235	4480.131475105397	0.1425914732001743	22.395849887592213	6.1135259140450865e+07	0.00047774705976877813
309022.77356174047	12945.32753623039	2746.084354592839	0.15524690593226653	26.546066905219792	7.045012724160199e+07	0.001227443337636972
216496.26869491418	11016.804745928657	6022.718389719216	0.1464121106507132	19.420949759603275	7.886838409202002e+07	0.00044713387219184707
159530.9050752845	12837.210613361927	2537.2710957144386	0.13259180771623919	93.60290374766676	3.647565929106686e+07	0.0012374241297385907
3.828335809056344e+06	10807.611200454341	3789.1497161075695	0.19473371376255166	105.1054454086438	5.0723246317511834e+07	0.000468526073893035
157473.45582067588	12595.986227408664	316.958688488255	0.13620698274105164	1.197774703456687	1.8050365242841374e+07	0.00017283168773224095
196083.4408871005	8307.574158407959	3999.1108701160647	0.14392705204146694	77.36681416228879	4.567988021560347e+07	0.0009576914388166324
79302.90608453617	8196.869407311442	4709.5698954199925	0.10564681989163052	13.582028132739577	5.041789448250096e+07	0.0011652282870784987
539529.3883981749	9246.04102411472	3315.3313666998224	0.16654107822203204	5.203704954350523	1.2481646303244626e+07	0.0006321562784429258
208698.76660396106	10371.965020660225	1318.7112618360704	0.11450268052895755	118.83699686475396	4.727349376279563e+07	0.00013760512131758955
3.272872235353527e+06	12971.967188456096	4693.02455821264	0.19272526823836267	64.73312803955068	1.4815208927869674e+07	0.0006501622538357549
178297.1801471395	12184.610408005577	4735.2776187979325	0.13924665457420438	91.20498390956884	3.0753138839395046e+07	0.0012392465766331141
4.987680511222757e+06	11377.555508310432	530.628209541452	0.19864690124039786	67.54753566975644	4.6899503881977625e+07	0.0006401326621441593
2.203910974470115e+06	11861.53889657634	269.6242459655444	0.18659003318065392	90.44333487302201	6.1459253783701114e+07	0.00022529877065973145
129857.20330171178	8703.972896482459	1803.7534059831303	0.1212865506157495	47.0428070756455	7.798054095486817e+07	0.0003965993884724737
158819.8784419412	11596.754520442853	3032.9019824771513	0.14067911072172445	54.7577275231415	4.737511547777707e+06	0.0002688613805947017
246773.9260533344	8351.802007703116	2981.6481221307804	0.15429618573038673	16.102075040787867	7.140989481587797e+06	0.0007903232625467306
496634.36293151655	11342.794380767275	5893.806064983428	0.1646140411222656	69.12529495347741	1.4454381181366823e+06	0.0003938504228823586
198309.38201871046	9960.268899966408	1563.3749707293712	0.11433295954131573	118.82880347923148	4.331362731875383e+07	0.00015621576688670856
141346.04317150087	9454.192522947233	1142.735845759121	0.1311282545318372	52.99903289701348	7.758210799225357e+07	0.0008214450468969928
97207.08820264482	8690.313024622188	1241.2338758044798	0.10661399269292618	75.17811020554493	2.1932140964931976e+07	0.0006499645027035144
712227.7280254146	9676.94507020326	4204.759759599547	0.17087367879428195	27.73673662839973	4.464288147353667e+06	0.0005629199770997008
2.4494591460451814e+06	11490.805353292555	5486.327446299935	0.18863791480051123	16.831602181456287	3.5310295773576096e+07	0.0011000242719650841
543918.6065955862	8285.436139437857	2901.0780295172535	0.16597366261192575	94.61545552900282	1.8565064938918394e+06	0.0008841534697595243
277375.57218420785	11782.529131325258	4238.7766179165965	0.15232351623852602	54.640790241280015	5.0997851172802106e+07	0.0005994515674455213
654976.6068669864	8128.885732934559	5463.750513145664	0.1693340361226679	20.097395465360158	7.118491722709831e+06	0.00029956691098329913
4.442312562540328e+06	9601.458047392494	4674.259407674913	0.19699522022025406	106.37704530668748	8.674810953249743e+06	0.0008241242841229853
440043.8458532492	12705.694666994486	4184.6291687214825	0.1622687993159913	19.22328061352047	8.166694286595391e+06	0.00021885761379253772
212867.18264829047	12766.674660743663	186.45536447100025	0.13247166096066393	119.02732533618403	7.445558660283698e+07	0.0006457914474069931
140113.47034068	10618.124672507809	4086.752062096533	0.1360695398489567	46.57248259264206	1.5176051797731098e+07	0.00028496629209099006
736696.2274411673	12215.430945895176	1585.9559085304913	0.17034794605322767	69.34912934637596	1.70343090198004e+07	0.0003544216212805853
272776.1955525216	9955.312218184363	5570.0241738028735	0.15365024890671553	71.23810158933115	1.1216274603318539e+07	0.0006197235286255658
76851.81013818916	12789.149243680866	3006.1385650920415	0.10352525000059205	50.86385343646885	9.905252022767605e+06	0.0007977966385447417
59142.98930670209	8501.031530690874	3919.35355347842	0.11631621930016922	27.115393710289506	4.240234251822838e+06	0.0007163727737191536
1.8781836417082036e+06	8411.472436233877	4452.700325909867	0.18433780246743653	119.99019303419905	2.278452973602058e+07	0.0006731470142294919
1.774196748055421e+06	11693.160284052423	6023.793088449973	0.183888163198271	46.56380776452097	4.0444843117710225e+07	0.0009721272576709106
214137.84387477516	10013.44721355035	4689.5472678958695	0.14560693872134783	84.29874421285649	2.7448328656008966e+07	0.0006080043707198852
152791.84992768127	8925.804031106367	1430.093614342504	0.11475475464062328	51.72447012265676	4.6202926737878986e+07	0.0001289883010896452
474732.2952949574	8264.460300190503	5338.286140263373	0.16260825387628094	85.12942686362072	5.2049752061307594e+07	0.001131638118073335
117458.02634086214	8577.248698161342	1874.2652028917385	0.10240652361392905	73.5483183702284	7.472979164491697e+07	0.0011383551077769685
247495.60846895288	11014.251511950792	2770.0111627434726	0.14359620876277324	117.54035460433026	4.3587353430092484e+07	0.00043711245888181034
161073.98859780264	8030.181476869631	4859.172774738618	0.1256094628515626	116.96352841620703	3.539694762653706e+07	0.0010519210370849687
231365.69950380948	9911.280981430187	6023.99630175765	0.14499090876841253	123.31842420325748	1.2052988992191853e+07	0.0009525018921747957
2.01660719697969e+06	9874.918488933807	1834.070674645754	0.1853490781825528	102.0734459220063	6.805441883391827e+07	0.0006566901673374615
2.257212127007698e+06	11512.283235435483	1920.4947248551389	0.18732566998149364	45.305725963837624	2.466523418601827e+07	0.000282762975097547
166392.1334131581	10992.13992217587	1280.903421151419	0.12408811042874181	113.86477034610186	5.129411462994116e+07	0.0012349209246741738
2.226678774347623e+06	11782.522935583955	1061.6526227089194	0.18671804935695882	93.15199714967736	4.43507858537008e+07	0.0001842325196195489
153782.68800360482	11970.615371201422	4011.927389733472	0.13672994609788336	30.566042644316646	4.8594362432752356e+07	0.0004039445895709757
536676.465974834	10597.505947301473	1389.7305772581706	0.16413772411604804	91.45924511315692	6.619899195531431e+07	0.0008452924930512576
1.270633304239272e+06	11047.752631887359	2679.0232995194474	0.17833339158761902	109.45280722603023	4.018617570358254e+07	0.0005941117695826019
155359.70055443933	10829.539059499668	4752.770123411919	0.11426761333137342	110.82353596369691	3.421405851750269e+07	0.00043002242398095615
1.3732028489130295e+06	8590.724580995524	5864.154918368902	0.17987874995187156	106.81728894456364	1.5147133315710075e+07	0.001099417627833903
4.261229050408769e+06	11756.00059975483	4805.372360021033	0.19651196956838404	9.078216088937733	3.6992322824318685e+07	0.0011659373930272912
1.532634015864094e+06	8266.05895435975	2728.721683438463	0.18163645132873332	58.85381701113609	7.001478988173865e+07	0.00114176958597422
1.6721037732953755e+06	8963.494832415658	4837.609848251338	0.1830800883945749	68.1554112360222	1.787060849730786e+07	0.000915746233776342
356167.4400730522	12626.575457360796	2120.9947309633585	0.15769584787124197	54.85545920106452	4.7852620420529924e+07	0.000706805124531275
3.625422842173465e+06	8929.187781179433	1116.0466888493106	0.19415267058766222	44.09081630388509	6.4835509845549695e+07	0.0009019937633105171
